{
  "apkFileName": "misoftexplorer_release_src.apk",
  "PackageInfo": {
    "forcedPackageId": "127",
    "renameManifestPackage": null
  },
  "doNotCompress": [
    "resources.arsc",
    "png"
  ],
  "compressionType": false,
  "sparseResources": false,
  "version": "2.4.0-250411",
  "sharedLibrary": false,
  "VersionInfo": {
    "versionName": "1.0",
    "versionCode": "1"
  },
  "UsesFramework": {
    "ids": [1],
    "tag": null
  },
  "unknownFiles": {
    "play-services-basement.properties": "0",
    "play-services-measurement.properties": "0",
    "play-services-ads-lite.properties": "0",
    "play-services-ads-identifier.properties": "8",
    "play-services-measurement-base.properties": "0",
    "play-services-stats.properties": "8",
    "play-services-ads.properties": "0",
    "play-services-measurement-sdk.properties": "0",
    "play-services-measurement-sdk-api.properties": "0",
    "play-services-gass.properties": "0",
    "play-services-ads-base.properties": "0",
    "okhttp3/internal/publicsuffix/publicsuffixes.gz": "8",
    "play-services-measurement-impl.properties": "0"
  },
  "apkFilePath": "/storage/emulated/0/sketchware/signed_apk/misoftexplorer_release.apk",
  "compactEntries": false,
  "isFrameworkApk": false,
  "sdkInfo": {
    "minSdkVersion": "21",
    "targetSdkVersion": "28"
  }
}